<?xml version="1.0" encoding="UTF-8" standalone="no"?><SETTINGS><pref key="maleSub1" screen="Male Sub 1" type="String" value="Oswald"/><pref key="mistress2" screen="Mistress 2" type="String" value="Gisele"/><pref key="maleSub2" screen="Male sub 2" type="String" value="Steve"/><pref key="mistress1" screen="Mistress 1" type="String" value="Kate"/><pref key="femSub1" screen="Female Sub 1" type="String" value="Karen"/><pref key="master1" screen="Master 1" type="String" value="Kevin"/><pref key="mySubName" screen="My Sub Name" type="String" value="Toy"/><pref key="master2" screen="Master 2" type="String" value="George"/><pref key="myName" screen="My Name" type="String" value="Philo"/><pref key="femSub2" screen="Female sub 2" type="String" value="Kara"/><pref key="orgasm denial" screen="Would you do orgasm denial?" type="Boolean" value="true"/><pref key="dress" screen="Would you own a dress?" type="Boolean" value="true"/><pref key="panties" screen="Would you own panties?" type="Boolean" value="true"/><pref key="spanking" screen="Would you do spanking?" type="Boolean" value="true"/><pref key="bi" screen="Are you bi?" type="Boolean" value="false"/><pref key="exhibitionism" screen="Would you do exhibitionism?" type="Boolean" value="true"/><pref key="candles" screen="Would you own candles?" type="Boolean" value="true"/><pref key="cumeating" screen="Would you do cum eating?" type="Boolean" value="true"/><pref key="clothespins" screen="Would you own clothes pins?" type="Boolean" value="true"/><pref key="chastitydevice" screen="Would you own a chastity device?" type="Boolean" value="true"/><pref key="orgasmdenial" screen="Do you like orgasm denial?" type="Boolean" value="true"/><pref key="bra" screen="Would you own a bra?" type="Boolean" value="true"/><pref key="feminization" screen="Would you do feminization?" type="Boolean" value="true"/><pref key="icecubes" screen="Would you own ice cubes?" type="Boolean" value="true"/><pref key="bondage" screen="Would you do bondage?" type="Boolean" value="true"/><pref key="icyhot" screen="Would you own icy hot?" type="Boolean" value="true"/><pref key="humiliation" screen="Would you do humiliation?" type="Boolean" value="true"/><pref key="gay" screen="Are you gay?" type="Boolean" value="false"/><pref key="nippletorture" screen="Would you do nipple torture?" type="Boolean" value="true"/><pref key="dildo" screen="Would you own a dildo?" type="Boolean" value="true"/><pref key="pain" screen="Would you do pain?" type="Boolean" value="true"/><pref key="collar" screen="Would you own a collar?" type="Boolean" value="true"/><pref key="urineplay" screen="Would you do urineplay?" type="Boolean" value="true"/><pref key="heels" screen="Would you own heels?" type="Boolean" value="true"/><pref key="forcedorgasms" screen="Would you do forced orgasms?" type="Boolean" value="true"/><pref key="sph" screen="Would you do small penis humiliation?" type="Boolean" value="true"/><pref key="shaving" screen="Would you do shaving?" type="Boolean" value="true"/><pref key="chores" screen="Would you do chores?" type="Boolean" value="true"/><pref key="straight" screen="Are you straight?" type="Boolean" value="false"/><pref key="vibrator" screen="Would you own a vibrator?" type="Boolean" value="true"/><pref key="edging" screen="Would you do edging?" type="Boolean" value="true"/><pref key="cbt" screen="Would you do cbt?" type="Boolean" value="true"/><pref key="shoelaces" screen="Would you own shoelaces?" type="Boolean" value="true"/><pref key="anal" screen="Would you do anal?" type="Boolean" value="true"/><pref key="scat" screen="Would you do scat?" type="Boolean" value="true"/><pref key="stockings" screen="Would you own stockings?" type="Boolean" value="true"/><pref key="chastity" screen="Would you do chastity?" type="Boolean" value="true"/><pref key="male" screen="Are you male?" type="Boolean" value="true"/><pref key="myage" screen="My Age" type="Number" value="21.0"/></SETTINGS>